image,question,answer
automobile_0028.png,Can you describe this image?," The image depicts a yellow sports car. The car is positioned on a paved surface, likely a road or driveway, and appears to be stationary. The car's design is sleek and aerodynamic, with a low profile and a long hood. The front of the car features a prominent grille, which is characteristic of sports"
automobile_0028.png,Explain the purpose of image," The image depicts a yellow sports car parked on a road. The car is facing towards the left side of the image, and it appears to be a classic model with a sleek design. The car's body is painted in a bright yellow color, and it has a black roof. The wheels of the car are silver,"
automobile_0028.png,Can you comment on size and kind of this image, The image is of a yellow car.
automobile_0028.png,Create a interesting story about this image," The image captures a moment frozen in time, a snapshot of a yellow sports car parked on a road. The car, a sleek and shiny yellow, is the focal point of the image. Its body is smooth and aerodynamic, a testament to the engineering prowess of its creators. The car's headlights, round and white"
automobile_0028.png,Elaborate the setting of the image," The image features a yellow sports car parked on a road. The car is positioned in the center of the image, with its front facing towards the left side of the frame. The car's design is sleek and aerodynamic, with a pointed front and a rounded rear. The wheels of the car are silver, adding a touch"
deer_0004.png,Can you describe this image?," The image depicts a scene with two animals, likely deer, in a natural setting. The animals are standing close to each other, with one deer positioned slightly behind the other. The deer in the foreground appears to be a light brown color, while the one in the background is darker brown. Both animals have white underbell"
deer_0004.png,Explain the purpose of image," The image depicts a deer standing in a field. The deer is brown in color and appears to be grazing or looking around. The field is surrounded by trees, giving the impression of a natural, outdoor setting. The deer's position and the surrounding environment suggest that it is in a natural habitat, possibly a forest or a"
deer_0004.png,Can you comment on size and kind of this image, The image is blurry and cannot be clearly described.
deer_0004.png,Create a interesting story about this image," In the heart of a verdant field, a majestic brown moose stands tall, its body adorned with a coat of rich brown fur. The moose's antlers, a testament to its strength and age, reach towards the sky. It faces a dark blue lake, its surface shimmering under the sunlight. The moose"
deer_0004.png,Elaborate the setting of the image, The image depicts a deer standing in a field. The deer is brown in color and is facing the camera. The field appears to be a grassy area with some trees in the background.
truck_0004.png,Can you describe this image?," The image depicts a large, white semi-trailer truck with a red and white logo on its side. The truck is positioned on a road, and the background shows a clear blue sky. The truck is facing towards the right side of the image, and it appears to be parked or stationary. The logo on the"
truck_0004.png,Explain the purpose of image," The image depicts a large white truck with a red logo on the side. The truck is parked on a snowy road, and the sky is clear blue. The truck is positioned on the left side of the image, and the road extends into the distance. The truck appears to be a semi-trailer, as it"
truck_0004.png,Can you comment on size and kind of this image," The image is blurry, making it difficult to determine the exact size and type of the object. However, it appears to be a large vehicle, possibly a truck or trailer, based on the shape and size. The object is white and has a red logo on it. The logo is not clearly visible, but it is"
truck_0004.png,Create a interesting story about this image," A large white truck with red and blue lettering on the side is parked on a snowy hill. The truck is facing the camera, and the snow is piled up around it. The sky is blue, and the sun is shining."
truck_0004.png,Elaborate the setting of the image," The image captures a scene of a large white truck, adorned with a red and white logo, parked on a snowy road. The truck is positioned on the right side of the image, facing towards the left. The road itself is blanketed in a thick layer of snow, adding a serene winter atmosphere to the scene."
automobile_0026.png,Can you describe this image?," The image depicts a vintage car, specifically a blue and white van. The van is positioned on a paved surface, likely a driveway or a parking area. The van has a classic design, with a rounded front and a boxy body. The front of the van features a large grille with horizontal slats,"
automobile_0026.png,Explain the purpose of image," The image depicts a vintage car, specifically a blue and white car, parked on a street. The car is positioned on the left side of the image, with its front facing towards the right side of the image. The car has a classic design, with a rounded front and a long hood. The body of the car"
automobile_0026.png,Can you comment on size and kind of this image, The image is of a blue and white van. The van is parked on a road. The van is a large vehicle. The van is a type of vehicle that is used for transporting goods and people.
automobile_0026.png,Create a interesting story about this image, A blue and white vintage car is parked in a driveway.
automobile_0026.png,Elaborate the setting of the image," The image depicts a blue and white vintage car parked on a street. The car has a classic design with a rounded front and a large windshield. It is parked on the side of the road, and there are trees and buildings in the background. The car appears to be in good condition and is likely a popular model"
ship_0028.png,Can you describe this image?," The image depicts a boat floating on a body of water, likely a lake or a river. The boat is predominantly white and appears to be a motorboat or a similar type of vessel. It has a flat bottom and a pointed bow, which is typical of such boats. The boat is equipped with a canopy or a"
ship_0028.png,Explain the purpose of image," The image depicts a boat floating on a body of water, possibly a lake or a river. The boat is white and has a purple canopy on top, which is open, suggesting that it is in use. There are a few people visible on the boat, but their specific actions or activities are not clear due to the"
ship_0028.png,Can you comment on size and kind of this image," The image is blurry, making it difficult to determine the exact size and kind of the object. However, it appears to be a boat floating on water, possibly in a lake or river. The boat is white and has a purple canopy on top, which is a common feature on boats for shade. The boat is surrounded"
ship_0028.png,Create a interesting story about this image," In the tranquil expanse of a serene lake, a white boat with a purple canopy was gently bobbing on the water's surface. The boat, adorned with a vibrant purple canopy, was the centerpiece of this peaceful scene. It was a sunny day, casting a warm glow on the lake and the boat.

"
ship_0028.png,Elaborate the setting of the image," The image captures a serene scene of a boat floating on a lake. The boat, painted in a pristine white, is adorned with a purple canopy that adds a pop of color to the otherwise monochrome vessel. The boat is not alone; it's accompanied by a few people, their figures small and indistinct due"
automobile_0012.png,Can you describe this image?," The image depicts a car, specifically a sports compact car. The car is shown from a side view, with the front and rear sections visible. The car is primarily silver in color, with a black roof and black trim around the windows. The wheels are silver, matching the body of the car. The car has a"
automobile_0012.png,Explain the purpose of image," The image is a logo for a car company, specifically for a compact car model. The logo features a silver car with a black roof, positioned in the center of the image. The car is facing towards the right side of the image. The text ""Sports/Compact"" is written below the car, indicating the"
automobile_0012.png,Can you comment on size and kind of this image," The image is a black and white photo of a car. The car is a compact model, as indicated by the text ""Compact"" on the image. The car is a sports car, as indicated by the text ""Sports"" on the image. The car is a convertible, as indicated by the text """
automobile_0012.png,Create a interesting story about this image," A sleek silver sports compact car is parked in a parking lot. The car is facing the camera, and its design is sleek and aerodynamic. The car has a black roof and black rims, and it is parked in a parking space."
automobile_0012.png,Elaborate the setting of the image," The image depicts a silver sports car, specifically a compact model, with a sleek and aerodynamic design. The car is shown from a side view, highlighting its distinctive features such as the large, curved front grille and the distinctive headlights. The car's body is a metallic silver color, and it has a black roof"
frog_0012.png,Can you describe this image?," The image depicts a small cluster of what appears to be dried leaves or small twigs. The leaves or twigs are brown in color and have a somewhat rough texture, suggesting they have been dried or aged. The leaves or twigs are arranged in a somewhat clustered manner, with some overlapping each other. The background is plain and white"
frog_0012.png,Explain the purpose of image," The image is a close-up of a brown, textured object that resembles a piece of wood or bark. The object is not perfectly round and has a rough, uneven surface with visible grain patterns. The object is positioned against a white background, which makes it stand out. There are no other objects or text in the"
frog_0012.png,Can you comment on size and kind of this image, The image is of a small brown frog.
frog_0012.png,Create a interesting story about this image, A small brown frog was sitting on a white surface.
frog_0012.png,Elaborate the setting of the image," The image depicts a small pile of brown, possibly dried leaves or twigs, arranged in a somewhat chaotic manner. The leaves or twigs are of varying sizes and shapes, with some appearing more elongated and others more compact. The colors range from light brown to dark brown, indicating a possible variation in age or type of material."
airplane_0021.png,Can you describe this image?," The image depicts a model airplane. The airplane is predominantly red and white in color. The body of the airplane is primarily red, while the wings and tail are white. The airplane has a streamlined design, typical of model airplanes, with a pointed nose and a tail fin. The wings are attached to the body of the"
airplane_0021.png,Explain the purpose of image," The image depicts a model airplane, which is predominantly red and white in color. The airplane is positioned on a grassy surface, suggesting that it is either being flown or has recently landed. The model appears to be a single-engine aircraft, with a streamlined body and wings that are attached to the fuselage. The wings are"
airplane_0021.png,Can you comment on size and kind of this image, The image is blurry and cannot be clearly described.
airplane_0021.png,Create a interesting story about this image, A red and white toy airplane is sitting on the grass.
airplane_0021.png,Elaborate the setting of the image," The image depicts a model airplane, which is predominantly red and white in color. The airplane is positioned on a grassy surface, suggesting that it is either being flown or has recently landed. The model appears to be a single-engine, fixed-wing aircraft, with a streamlined design that is characteristic of such models. The"
horse_0023.png,Can you describe this image?," The image depicts a scene involving a horse and a person. The horse is positioned on the left side of the image, and the person is on the right side. The horse appears to be in a stable or a fenced area, as indicated by the white fence in the background. The horse is white with a black"
horse_0023.png,Explain the purpose of image," The image depicts a white horse standing on a dirt ground. The horse is positioned near a white fence, which is located on the left side of the image. The horse appears to be in a stable or a fenced-in area, possibly a riding arena or a paddock. The horse's coat is white,"
horse_0023.png,Can you comment on size and kind of this image, The image is blurry and cannot be clearly described.
horse_0023.png,Create a interesting story about this image," In the heart of a verdant field, a white horse with a striking blue mane and tail stands majestically. The horse, adorned with a bridle and reins, is positioned on a wooden platform, its hooves firmly planted on a red carpet. The platform is enclosed by a white fence, adding"
horse_0023.png,Elaborate the setting of the image," The image depicts a white horse standing on a dirt ground. The horse is positioned near a white fence, which is located on the left side of the image. The background of the image is a grassy field, which extends to the horizon."
frog_0025.png,Can you describe this image?," The image depicts a small, brown and yellow-colored frog. The frog is positioned on a green surface, which appears to be grass or a similar type of vegetation. The frog's body is elongated and slightly curved, with its limbs spread out in a resting or defensive position. The frog's skin is textured, with"
frog_0025.png,Explain the purpose of image," The image depicts a small, brown and yellow frog. The frog is positioned on a green surface, which could be grass or a similar type of vegetation. The frog's body is elongated and it has four legs, with the front legs being slightly longer than the hind legs. The frog's head is slightly raised, and"
frog_0025.png,Can you comment on size and kind of this image, The image is of a small frog.
frog_0025.png,Create a interesting story about this image, A small brown and yellow frog is sitting on a green surface.
frog_0025.png,Elaborate the setting of the image," The image features a small brown and yellow frog sitting on a green surface. The frog appears to be in a resting position, with its limbs spread out and its body slightly curved. The green surface on which the frog is sitting could be a leaf or a similar type of vegetation. The frog's coloration is a mix of"
bird_0030.png,Can you describe this image?," The image depicts a bird, specifically a type of ostrich, standing on a grassy field. The bird is predominantly black in color, with a white ring around its neck. The ostrich has a long neck and a distinctive pinkish-red beak, which is curved and pointed. The bird's legs are"
bird_0030.png,Explain the purpose of image, The image is blurry and cannot be used to determine the purpose of the image.
bird_0030.png,Can you comment on size and kind of this image, The image is blurry and cannot be clearly described.
bird_0030.png,Create a interesting story about this image," In the heart of a vast, open field, a black bird with a vibrant red beak and legs was captured in a moment of tranquility. The bird, standing on one leg, was facing the camera, its gaze meeting ours as if aware of our presence. The field around it was a blur of green, suggesting a"
bird_0030.png,Elaborate the setting of the image," The image depicts a black and white ostrich standing on a grassy field. The ostrich is facing towards the left side of the image, with its long neck and legs visible. The ostrich's head is slightly tilted downwards, and it appears to be looking at something on the ground. The background of"
ship_0030.png,Can you describe this image?," The image depicts a large, dark-colored ship sailing on a body of water. The ship appears to be a cargo or passenger vessel, given its size and structure. The vessel is moving towards the right side of the image, suggesting it is in motion. The water around the ship is calm, with no visible waves"
ship_0030.png,Explain the purpose of image," The image depicts a large ship, possibly a cruise ship, moving across the water. The ship is predominantly white with a blue stripe running along its side. The water appears to be calm, and the sky is clear with a few clouds visible. The ship is moving from the left to the right of the image."
ship_0030.png,Can you comment on size and kind of this image," The image is blurry, making it difficult to determine the size and kind of the object. However, it appears to be a boat or ship, given the shape and the presence of a mast. The object is likely floating on water, as suggested by the presence of a body of water in the background. The sky is"
ship_0030.png,Create a interesting story about this image," The image captures a moment of tranquility in the vast expanse of the ocean. A large ship, painted in hues of white and blue, is seen cutting through the water. The ship, with its tall mast and a small cabin on top, is moving from the left to the right of the frame. The sky above is"
ship_0030.png,Elaborate the setting of the image," The image depicts a large ship sailing on the ocean. The ship is white and blue in color, and it appears to be a cruise ship or a similar type of vessel. The ship is moving through the water, and the ocean appears to be calm. The sky is blue, and there are some clouds in the distance"
horse_0001.png,Can you describe this image?," The image depicts a single horse standing in a grassy field. The horse appears to be a brown color, with a darker brown mane and tail. The horse is positioned facing the left side of the image, with its body oriented towards the right side of the frame. The horse's legs are visible, with the front"
horse_0001.png,Explain the purpose of image, The image depicts a horse standing in a grassy field. The horse is brown in color and has a black mane and tail. The horse is facing the left side of the image and appears to be walking. The background of the image is a grassy field with trees in the distance. The horse is the main focus of
horse_0001.png,Can you comment on size and kind of this image, The image is of a horse. The horse is brown in color. The horse is standing on the grass.
horse_0001.png,Create a interesting story about this image," In the heart of a verdant field, a majestic brown horse stood, its coat gleaming under the soft light. The horse, with its black mane and tail, was the embodiment of elegance and grace. It was a solitary figure, moving slowly and deliberately across the grassy expanse, its hooves barely making"
horse_0001.png,Elaborate the setting of the image," The image depicts a brown horse standing in a grassy field. The horse is positioned in the center of the image, facing towards the left side. The field appears to be a grassy area with a green color, and the horse is the only animal visible in the image."
airplane_0010.png,Can you describe this image?," The image depicts a small, single-engine propeller-driven aircraft, likely a biplane, parked on a grassy field. The aircraft is predominantly white with red and yellow accents. The wings are biplane-style, with two main wings stacked one above the other. The upper wing is slightly larger than the lower one"
airplane_0010.png,Explain the purpose of image," The image depicts a small, single-engine propeller airplane parked on a grassy field. The airplane is primarily white with red and yellow accents. The propeller is located at the front of the airplane, and the wings are attached to the fuselage. The airplane appears to be stationary, and there are no visible signs of movement or"
airplane_0010.png,Can you comment on size and kind of this image," The image is of a small airplane. The airplane is a biplane, which is a type of aircraft with two sets of wings stacked one above the other. The airplane in the image has a red and white color scheme. The airplane is parked on a grassy field."
airplane_0010.png,Create a interesting story about this image," The story begins with a young man named Jack who had always been fascinated by the world of aviation. He spent countless hours reading books, watching documentaries, and even building model airplanes in his spare time. One day, he decided to take the plunge and purchase his own airplane, a beautiful red and white biplane that he"
airplane_0010.png,Elaborate the setting of the image," The image captures a scene of a small, single-engine propeller airplane parked on a grassy field. The airplane, painted in vibrant hues of red and white, stands out against the backdrop of a clear blue sky dotted with fluffy white clouds. The airplane's design is reminiscent of a classic biplane, with two sets of"
cat_0012.png,Can you describe this image?," The image depicts a cat sitting on a concrete surface. The cat appears to be a domestic short-haired breed, characterized by its short fur and stocky build. The cat's fur is primarily white, with some patches of orange and black. The cat's eyes are open and it seems to be looking directly at"
cat_0012.png,Explain the purpose of image, The image is a blurred photo of a cat.
cat_0012.png,Can you comment on size and kind of this image," The image is blurry, making it difficult to determine the size and kind of the object. However, it appears to be a cat, as suggested by the shape and the presence of whiskers. The cat is likely standing on a surface, possibly a road or a sidewalk, given the context of the image. The background"
cat_0012.png,Create a interesting story about this image," In the vast expanse of the desert, a white cat with orange patches on its face and ears was the center of attention. The cat, with its fur as pure as the sand, was standing on a white rock, its eyes fixed on something in the distance. The rock, a stark white against the sandy terrain,"
cat_0012.png,Elaborate the setting of the image," The image depicts a white cat with orange ears and a black nose, standing on a road. The cat is positioned in the center of the image, and the road appears to be a main road with a few buildings in the background. The sky is clear, and the overall atmosphere of the image is calm and serene."
cat_0006.png,Can you describe this image?," The image depicts a cat sitting on a wooden surface. The cat appears to be a domestic short-haired breed, characterized by its short fur and rounded body shape. The cat's fur is primarily a light gray color, with some darker gray patches visible on its face and ears. The cat's eyes are open and"
cat_0006.png,Explain the purpose of image," The image depicts a cat sitting on a wooden surface. The cat appears to be relaxed and comfortable, with its body positioned in a way that suggests it is enjoying the warmth of the wooden surface. The cat's fur is a light gray color, and it has a white patch on its chest. The wooden surface on which"
cat_0006.png,Can you comment on size and kind of this image, The image is blurry and cannot be described.
cat_0006.png,Create a interesting story about this image," In the heart of a cozy room, a gray cat with a white chest and paws was peacefully sleeping on a wooden shelf. The cat, curled up in a ball, was surrounded by a few books and a blue and white striped pillow, creating a comfortable and inviting space. The shelf, made of light-colored"
cat_0006.png,Elaborate the setting of the image," The image features a cat sitting on a wooden surface. The cat appears to be resting comfortably, with its head resting on its paws. The wooden surface on which the cat is sitting is likely a table or a shelf. The cat's fur is a mix of gray and white, and it has a black nose. The"
dog_0015.png,Can you describe this image?," The image depicts a small, fluffy white dog standing on a grassy surface. The dog appears to be a breed known for its fluffy coat, such as a Poodle or a similar breed. The dog's fur is predominantly white, with a few dark spots visible on its body, possibly indicating patches of darker fur or markings"
dog_0015.png,Explain the purpose of image," The image depicts a small, fluffy white dog standing on a grassy field. The dog appears to be looking directly at the camera, giving the impression that it is aware of its surroundings. The dog's fur is predominantly white, with a few dark spots visible on its body. The grassy field in the background is green,"
dog_0015.png,Can you comment on size and kind of this image, The image is of a small white dog. The dog is standing on a grassy area. The dog is looking at the camera. The dog is small in size. The dog is a white dog.
dog_0015.png,Create a interesting story about this image," In the heart of a verdant field, a small white dog with a fluffy coat stands majestically. The dog's gaze is fixed directly on the camera, its eyes reflecting a sense of curiosity and alertness. Its fur is a stark contrast to the surrounding greenery, with its white coat standing out against the lush"
dog_0015.png,Elaborate the setting of the image," The image features a white dog standing on a grassy field. The dog appears to be a small breed with a fluffy coat, and it is looking directly at the camera. The background of the image is blurred, but it appears to be a grassy field with some trees in the distance."
frog_0004.png,Can you describe this image?," The image depicts a small, dark-colored animal, possibly a rodent or a shrew, resting on a surface that appears to be composed of dirt or soil. The animal is positioned in the center of the image, facing towards the right side. Its body is mostly concealed by the soil, with only its head and part"
frog_0004.png,Explain the purpose of image," The image depicts a small, dark-colored animal, possibly a rodent, sitting on a sandy surface. The animal appears to be in a resting position, with its body slightly curled up. The sandy surface on which the animal is sitting is composed of small, light-colored grains, possibly sand or small pebbles."
frog_0004.png,Can you comment on size and kind of this image," The image is of a small animal, possibly a rodent, with a greyish-brown fur coat. The animal is sitting on a surface that appears to be a dirt or soil-like material. The animal's head is turned to the left, and it seems to be looking at something off-camera. The animal"
frog_0004.png,Create a interesting story about this image," A small, dark-colored snake is curled up on the ground, blending in with the brown and yellow colors of the dirt around it."
frog_0004.png,Elaborate the setting of the image," The image depicts a small, dark-colored animal, possibly a lizard or a snake, resting on a sandy surface. The animal appears to be in a defensive posture, with its mouth open and its body coiled in a defensive stance. The background is blurred, but it appears to be a natural environment, possibly a"
ship_0010.png,Can you describe this image?," The image depicts a boat floating on a body of water, likely a lake or a calm sea. The boat is predominantly white with some darker elements, possibly indicating the hull and the deck. The boat appears to be a motorboat, characterized by its streamlined shape and the presence of a motor at the rear. The motor"
ship_0010.png,Explain the purpose of image," The image is a blurred photograph of a boat on the water. The boat is white and appears to be a motorboat, as it has a motor attached to the back. The boat is docked and there are no people visible in the image. The water is blue and appears calm, with no waves or disturbances."
ship_0010.png,Can you comment on size and kind of this image, The image is of a boat. The boat is white and is floating on the water. The boat has a canopy on top. The boat is in the middle of the water.
ship_0010.png,Create a interesting story about this image," The image captures a serene moment of a white boat gently floating on a calm body of water. The boat, with its sleek design and sturdy structure, is the main focus of the image. It's equipped with a canopy, providing shade and protection from the elements. The boat is tethered to a dock, suggesting"
ship_0010.png,Elaborate the setting of the image," The image depicts a white boat with a blue stripe on the side, floating on a body of water. The boat is positioned in the center of the image, with the water surrounding it. The water appears calm, and the sky is visible in the background, suggesting that the boat is in a body of water, possibly"
ship_0011.png,Can you describe this image?," The image depicts a scene of a harbor or dock area. The primary focus is on a large, dark-colored ship that appears to be docked or moored. The ship has a tall, slender mast with a spire at the top, suggesting it might be a sailboat or a vessel with a tall structure"
ship_0011.png,Explain the purpose of image," The image depicts a large ship docked at a pier. The ship is positioned on the left side of the image, with its bow facing towards the right side of the image. The ship appears to be a large vessel, possibly a cargo ship or a cruise ship, given its size and design. The ship has a"
ship_0011.png,Can you comment on size and kind of this image," The image is blurry, but it appears to be a picture of a boat. The boat is large and appears to be a sailboat. The boat is docked in a marina. There are no people visible in the image."
ship_0011.png,Create a interesting story about this image, A large black and brown boat is docked at a pier. The boat is surrounded by water and there is a clear blue sky in the background.
ship_0011.png,Elaborate the setting of the image," The image captures a serene scene of a large ship docked at a pier. The ship, painted in hues of black and white, stands out against the backdrop of a clear blue sky. Its tall mast reaches towards the heavens, while its deck is adorned with a few smaller masts. The ship is moored to"
airplane_0002.png,Can you describe this image?," The image depicts a model airplane. The model airplane is predominantly white with red and blue accents. The body of the airplane is white, while the wings and tail are colored red and blue respectively. The wings are attached to the body of the airplane, and the tail is located at the rear of the airplane. The airplane"
airplane_0002.png,Explain the purpose of image," The image depicts a model airplane, which appears to be a toy or a scale model. The airplane is predominantly white with red and blue accents. The wings and tail of the airplane are red, while the body and the horizontal stabilizers are blue. The airplane is lying on a flat surface, possibly a table or a"
airplane_0002.png,Can you comment on size and kind of this image," The image is blurry, making it difficult to determine the size and kind of the object. However, it appears to be a model of a jet fighter."
airplane_0002.png,Create a interesting story about this image, A small toy airplane with red and blue wings and a white body lay on the ground.
airplane_0002.png,Elaborate the setting of the image," The image depicts a toy airplane model, which is predominantly white with red and blue accents. The airplane is lying on a flat surface, possibly a table or a floor. The model appears to be a representation of a fighter jet, characterized by its sleek design and pointed nose. The wings of the airplane are spread out,"
bird_0004.png,Can you describe this image?," The image depicts a bird, specifically a bird of paradise, which is known for its vibrant plumage. The bird is predominantly blue with a red neck and a white crest on its head. The bird's beak is curved and appears to be slightly open, as if it is in the process of calling or singing. The background"
bird_0004.png,Explain the purpose of image," The image depicts a bird with a blue head and neck, which is a type of peacock. The bird is standing in a natural environment, surrounded by green foliage. The peacock's feathers are a vibrant blue, and it has a red patch on its neck. The bird's beak is open, possibly in a"
bird_0004.png,Can you comment on size and kind of this image, The image is of a bird. The bird is blue and red in color. The bird is standing on the ground. The background of the image is green.
bird_0004.png,Create a interesting story about this image," In the heart of a lush, green forest, a vibrant bird with a striking blue head and neck stood majestically. The bird, adorned with a red patch on its neck, was facing the camera, its beak slightly open as if in mid-song. The forest around it was a tapestry of green, with"
bird_0004.png,Elaborate the setting of the image," The image features a bird with a blue head and red neck, standing in a natural environment. The bird is surrounded by green leaves and branches, indicating that it is likely in a forest or a wooded area. The bird appears to be in a relaxed state, possibly resting or looking around its surroundings."
horse_0020.png,Can you describe this image?," The image depicts a small boat on the water. The boat appears to be a motorboat, characterized by its streamlined shape and the presence of a motor at the rear. The boat is predominantly white with some red and black elements. The red and black parts are likely to be the cabin and the deck, respectively. The"
horse_0020.png,Explain the purpose of image," The image depicts a boat on the water, with a clear sky in the background. The boat appears to be a small vessel, possibly a speedboat or a small fishing boat, given its size and design. The boat is white with some red and black elements, possibly indicating its name or a specific design feature. The"
horse_0020.png,Can you comment on size and kind of this image," The image is blurry, but it appears to be a picture of a boat on the water. The boat is white and red, and it is moving across the water."
horse_0020.png,Create a interesting story about this image, A small white and red boat with a red stripe on the side is floating on the ocean. The boat is moving slowly and is surrounded by water.
horse_0020.png,Elaborate the setting of the image," The image captures a boat on the water, with a clear blue sky in the background. The boat is white with a red stripe running along its side, and it appears to be moving towards the right side of the image. The water is a light blue color, and the sky is a lighter shade of blue, suggesting"
truck_0003.png,Can you describe this image?," The image depicts a large, green and yellow truck parked in what appears to be a parking lot or a similar outdoor area. The truck is positioned centrally in the image, with its front facing towards the camera. The truck has a rectangular shape, with a prominent front grille and headlights. The front grille is"
truck_0003.png,Explain the purpose of image," The image depicts a large green and yellow truck parked in a parking lot. The truck is positioned in the center of the image, with its front facing towards the camera. The truck has a long body and a large cargo area at the back, which is covered with a tarp. The truck's front is adorned with"
truck_0003.png,Can you comment on size and kind of this image, The image is of a large truck.
truck_0003.png,Create a interesting story about this image, A green and yellow truck is parked in a parking lot.
truck_0003.png,Elaborate the setting of the image," The image depicts a large green and yellow truck parked in a parking lot. The truck is positioned in the center of the image, with its front facing towards the camera. The truck appears to be a commercial vehicle, possibly used for transporting goods or materials. The parking lot is surrounded by a fence, and there are no"
truck_0005.png,Can you describe this image?," The image depicts a scene in what appears to be a residential area. The focal point of the image is a white van parked on the side of a road. The van is positioned in the foreground, with its front facing towards the left side of the image. The van has a modern design, with a sleek, aerodynamic"
truck_0005.png,Explain the purpose of image," The image depicts a scene with two individuals standing in front of a white building. The building appears to be a house or a similar structure, and it is situated on a street. The two individuals are standing close to each other, and they seem to be engaged in a conversation or possibly greeting each other. The person on"
truck_0005.png,Can you comment on size and kind of this image," The image is blurry, making it difficult to determine the exact size and kind of the objects in the image. However, it appears to be a residential area with a house and a truck. The house is a single-story structure with a sloped roof, and the truck is parked in front of the house. The"
truck_0005.png,Create a interesting story about this image, Two men are standing in front of a large truck parked on the side of the road. The truck is white and has a blue stripe on the side. The men are wearing blue jeans and are both smiling.
truck_0005.png,Elaborate the setting of the image," The image depicts a group of people standing in front of a house. The house is a two-story building with a gray roof and a white exterior. The people are standing on a driveway, and there is a truck parked in front of the house. The sky is cloudy, and the overall atmosphere of the image"
deer_0028.png,Can you describe this image?," The image depicts a deer standing in a forested area. The deer is positioned in the center of the image, facing towards the left side. It appears to be a young deer, as indicated by its small size and the reddish-brown color of its coat. The deer's body is mostly visible, with its head turned"
deer_0028.png,Explain the purpose of image," The image depicts a deer standing in a forest. The deer is positioned in the center of the image, facing the camera. The forest setting is characterized by green foliage and trees in the background. The deer appears to be in a natural habitat, possibly a forest or a wooded area. The image does not provide any additional"
deer_0028.png,Can you comment on size and kind of this image," The image is of a deer standing in a forest. The deer is small in size and is brown in color. The deer is standing on the ground, which is covered with leaves. The background of the image is green, which is likely the forest floor."
deer_0028.png,Create a interesting story about this image," In the heart of a verdant forest, a young deer stands majestically on a bed of fallen leaves. Its coat, a rich brown, blends harmoniously with the earthy tones of the forest floor. The deer's eyes, a deep brown, are fixed intently on something in the distance, perhaps a predator or"
deer_0028.png,Elaborate the setting of the image," The image depicts a deer standing in a forest. The deer is positioned in the center of the image, facing towards the left side. The forest setting is characterized by a mix of green and brown colors, with the green being the dominant color. The ground appears to be covered with leaves and twigs, indicating a natural,"
cat_0029.png,Can you describe this image?," The image depicts a small kitten sitting upright. The kitten appears to be a young cat, possibly a kitten, given its small size and youthful features. The kitten's fur is a mix of colors, predominantly white with patches of brown and black. The kitten's eyes are wide open, and it seems to be looking directly"
cat_0029.png,Explain the purpose of image," The image is a close-up of a small kitten sitting on a white surface. The kitten has a gray and white coat with a white belly and paws. The kitten's eyes are blue, and it has a small black nose. The kitten is looking directly at the camera, giving the impression that it is curious or"
cat_0029.png,Can you comment on size and kind of this image, The image is a close-up of a small kitten. The kitten is sitting and looking at the camera. The kitten has a white and brown coat. The kitten is small in size. The image is a photograph.
cat_0029.png,Create a interesting story about this image, A cute little kitten with a white and brown coat is sitting on a white background. The kitten is looking at the camera with its head tilted to the side.
cat_0029.png,Elaborate the setting of the image," The image features a small kitten sitting on a white surface. The kitten has a gray and white coat, with a white belly and paws, and a gray head. It is looking directly at the camera with its head slightly tilted to the side. The kitten's tail is curled up and it appears to be in a"
dog_0002.png,Can you describe this image?," The image depicts a dog standing on a grassy surface. The dog appears to be a small breed with a fluffy coat. The coat is predominantly white, with patches of brown and black. The dog's fur is well-groomed, and it has a shiny, healthy appearance. The dog's eyes are open,"
dog_0002.png,Explain the purpose of image," The image depicts a dog standing on grass. The dog appears to be a small breed with a white coat and brown patches. The dog's mouth is open, and it seems to be panting or possibly barking. The background of the image is blurred, but it appears to be a grassy area. The dog's position"
dog_0002.png,Can you comment on size and kind of this image," The image is blurry, making it difficult to determine the size and kind of the object. However, it appears to be a dog, possibly a small breed, given its size and the way it is positioned. The dog is standing on a grassy surface, which suggests that it is outdoors. The dog's fur is white"
dog_0002.png,Create a interesting story about this image," In the heart of a verdant field, a small dog with a coat of white and brown fur stands alert. The dog's eyes, a deep shade of brown, are focused on something off-camera, its ears perked up in anticipation. Its mouth is slightly open, as if it's caught in a"
dog_0002.png,Elaborate the setting of the image," The image features a dog standing on a grassy field. The dog appears to be a small breed with a white and brown coat. The dog is looking directly at the camera, giving the impression that it is being photographed."
dog_0003.png,Can you describe this image?," The image depicts a person holding a small dog. The dog appears to be a light brown or tan color, with a short coat. The person is wearing blue pants and white shoes. The dog is sitting on a red carpet or rug, and the person's hands are gently holding the dog's front legs. The background"
dog_0003.png,Explain the purpose of image," The image depicts a person holding a small dog, possibly a puppy, in their arms. The dog appears to be a light brown color with a white chest and paws. The person is wearing blue pants and white shoes. The background is not clearly visible, but it seems to be an indoor setting. The person is holding"
dog_0003.png,Can you comment on size and kind of this image, The image is of a small dog. The dog is brown in color and is being held by a person. The person is wearing blue pants and white shoes. The dog is standing on a red carpet. The dog is looking at the camera.
dog_0003.png,Create a interesting story about this image," A person is holding a small brown dog in their arms. The dog appears to be happy and content, and the person seems to be enjoying the moment. The person is wearing blue pants and white shoes. The dog is sitting on a red carpet."
dog_0003.png,Elaborate the setting of the image," The image shows a person holding a small dog, with the dog sitting on a red carpet. The person is wearing blue pants and white shoes."
horse_0017.png,Can you describe this image?," The image depicts a single horse standing in a grassy field. The horse appears to be a light brown color with a white mane and tail. The horse is facing to the left side of the image, and its body is oriented towards the right side of the image. The background consists of a dense cluster of trees,"
horse_0017.png,Explain the purpose of image," The image depicts a horse standing in a grassy field. The horse is brown in color and has a white mane and tail. The background of the image is filled with trees, suggesting that the horse is in a natural, outdoor setting. The horse is facing the left side of the image, and its body is oriented"
horse_0017.png,Can you comment on size and kind of this image, The image is of a horse. The horse is standing in a field. The horse is brown in color.
horse_0017.png,Create a interesting story about this image," In the heart of a verdant field, a majestic brown horse stood tall and proud. Its coat, a rich shade of chestnut, gleamed under the soft light of the day. The horse's mane and tail, a lighter shade of brown, cascaded down its neck and back, adding to its reg"
horse_0017.png,Elaborate the setting of the image," The image features a brown horse standing in a grassy field. The horse is positioned in the center of the image, facing towards the right side. The field appears to be surrounded by trees, giving the scene a natural and serene atmosphere."
bird_0001.png,Can you describe this image?," The image depicts a bird, specifically a peacock, standing in a lush, green environment. The peacock is predominantly blue in color, with a striking blue head and neck. The body of the bird is a darker shade of blue, and it has a long, slender neck and tail. The tail feathers of the"
bird_0001.png,Explain the purpose of image," The image depicts a peacock standing on a path surrounded by greenery. The peacock is the main subject of the image, and it is positioned in the center of the frame. The peacock has a blue head and neck, which is a distinctive feature of this species. The peacock's body is predominantly black,"
bird_0001.png,Can you comment on size and kind of this image," The image is blurry, making it difficult to determine the size and kind of the object. However, it appears to be a bird, possibly a peacock, due to its long neck and tail feathers. The bird is standing on the ground, surrounded by green foliage."
bird_0001.png,Create a interesting story about this image," In the heart of a lush, verdant forest, a majestic peacock with a striking blue head and neck stands majestically. Its body, a deep shade of blue, contrasts beautifully with the surrounding greenery. The peacock's long tail feathers, a vibrant display of blue and green hues, are spread out"
bird_0001.png,Elaborate the setting of the image," The image captures a peacock standing on a dirt road in a lush, green environment. The peacock, with its distinctive blue head and neck, is the focal point of the image. The road, surrounded by dense vegetation, adds a sense of depth and perspective to the scene. The peacock's vibrant colors stand"
horse_0029.png,Can you describe this image?," The image depicts a toy horse model. The horse is predominantly colored in shades of red and orange, with a white mane and tail. The horse is standing on a green surface, which could be a grassy field or a mat. The horse's legs are black, and it has a white stripe running down its face"
horse_0029.png,Explain the purpose of image," The image depicts a toy horse standing on a green surface. The horse is colored in shades of red and brown, with a white mane and tail. The horse is facing to the left side of the image, giving a sense of movement. The green surface on which the horse stands is smooth and appears to be a"
horse_0029.png,Can you comment on size and kind of this image, The image is of a horse. The horse is a toy and is colored red.
horse_0029.png,Create a interesting story about this image," In the heart of a vibrant green field, a majestic red horse stood tall, its body adorned with a white mane and tail that cascaded down its sides. The horse's head was turned to the left, as if gazing into the distance, its eyes reflecting a deep wisdom. The horse's hooves, a"
horse_0029.png,Elaborate the setting of the image," The image features a toy horse standing on a green surface. The horse is colored in shades of red and brown, with a white mane and tail. The horse is positioned facing to the left side of the image, giving a sense of movement. The green surface on which the horse stands contrasts with the horse's red"
bird_0028.png,Can you describe this image?," The image depicts a small bird perched on a branch of a tree. The bird appears to be a finch, identifiable by its small size, slender body, and distinctive crest on its head. The finch is predominantly gray with a white belly and a black patch on its head. Its beak is short and conical,"
bird_0028.png,Explain the purpose of image," The purpose of the image is to showcase a bird perched on a branch, surrounded by green leaves and pink flowers. The bird appears to be a small, grayish-blue color with a black head and tail, and it is likely a type of finch or sparrow. The background is blurred, which helps to draw"
bird_0028.png,Can you comment on size and kind of this image," The image is blurry, making it difficult to determine the exact size and kind of the bird. However, it appears to be a small bird, possibly a finch or sparrow, based on its size and shape. The bird is perched on a branch, which is surrounded by green leaves and pink flowers. The background is"
bird_0028.png,Create a interesting story about this image," In the heart of a verdant garden, a small bird with a gray body and a black head perched on a branch. The bird, with its vibrant blue eye, gazed into the distance, perhaps searching for its next meal or simply enjoying the serenity of its surroundings. The branch it perched on was adorned"
bird_0028.png,Elaborate the setting of the image," The image captures a small bird perched on a branch of a tree. The bird is predominantly gray with a black head and a white belly. It is facing towards the right side of the image, possibly looking for food or observing its surroundings. The tree branch on which the bird is perched is green, indicating that it is"
deer_0029.png,Can you describe this image?," The image depicts a deer standing in a grassy field. The deer is positioned centrally in the image, facing towards the right side. It has a light brown coat with darker brown spots scattered across its body. The deer's antlers are prominent and extend outwards, indicating that it is likely an adult. The antlers are"
deer_0029.png,Explain the purpose of image," The image depicts a deer standing in a grassy field. The deer is brown in color and has large antlers. The deer is facing the camera, and its body is oriented towards the left side of the image. The background of the image is a forest with trees and foliage. The deer is the main subject of the"
deer_0029.png,Can you comment on size and kind of this image, The image is of a deer standing in a field. The deer is brown in color and has large antlers. The deer is standing in a field with green grass.
deer_0029.png,Create a interesting story about this image," In the heart of a verdant forest, a majestic brown deer stands tall and proud. Its large antlers, a testament to its strength and vitality, reach towards the sky. The deer's coat, a rich shade of brown, blends harmoniously with the lush green grass beneath its hooves. The forest around it"
deer_0029.png,Elaborate the setting of the image," The image captures a majestic brown deer standing in a lush green field. The deer, with its large antlers, is facing the camera, giving us a clear view of its impressive features. The field is surrounded by a dense forest, providing a natural backdrop to this serene scene. The deer's position in the center of"
deer_0013.png,Can you describe this image?," The image depicts a deer standing in a grassy field. The deer is facing to the left side of the image, with its body oriented towards the right side of the frame. The deer has a light brown coat with white spots, and its antlers are prominent and large, extending outwards from its head. The background of"
deer_0013.png,Explain the purpose of image," The image depicts a deer standing in a grassy field. The deer is facing the left side of the image, with its body oriented towards the right. The deer has a light brown coat with white spots, and its antlers are visible, indicating that it is an adult. The background of the image is a dark green"
deer_0013.png,Can you comment on size and kind of this image, The image is of a deer. The deer is standing on the ground. The deer is brown in color. The deer has large ears. The deer has a long neck. The deer has four legs. The deer has a tail.
deer_0013.png,Create a interesting story about this image," In the heart of a dense forest, a majestic deer stands tall and proud. Its coat, a beautiful blend of light brown and white, is adorned with a pair of large, curved horns that reach towards the sky. The deer's eyes, a deep shade of brown, are fixed on something in the distance, perhaps"
deer_0013.png,Elaborate the setting of the image," The image depicts a deer standing in a grassy field. The deer is facing the left side of the image, with its body oriented towards the right. The deer has a light brown coat with white spots, and its antlers are visible. The background of the image is a dark green color, which contrasts with the deer"
truck_0013.png,Can you describe this image?," The image depicts a vintage truck, which appears to be a commercial vehicle, possibly used for transporting goods or materials. The truck is predominantly red in color, with a blue cover on the back, which is likely used to protect the cargo from the elements. The truck has a boxy, rectangular shape, typical of older"
truck_0013.png,Explain the purpose of image," The image depicts a red and blue truck. The truck is positioned in a field, and it appears to be a vintage model. The truck has a flatbed, which is covered with a blue tarp. The truck's design is simple and functional, with a large front grille and a prominent headlight. The"
truck_0013.png,Can you comment on size and kind of this image, The image is of a large truck.
truck_0013.png,Create a interesting story about this image," In the vast expanse of the desert, a red and blue truck, adorned with a blue tarp, stood as a testament to the harsh yet beautiful landscape. The truck, with its large front grille and round headlights, seemed to be a beacon in the arid surroundings. The tarp, a stark contrast to"
truck_0013.png,Elaborate the setting of the image," The image depicts a red and blue truck parked in a field. The truck is positioned in the center of the image, with its front facing towards the left side of the image. The field appears to be a grassy area, and the truck is the only object in the image."
ship_0007.png,Can you describe this image?," The image depicts a scene that appears to be a part of a larger landscape or environment. The main focus of the image is a large, rectangular structure that resembles a boat or a ship. This structure is painted in a combination of teal and white colors, giving it a distinctive and eye-catching appearance. The te"
ship_0007.png,Explain the purpose of image," The image depicts a large, turquoise-colored boat docked at a pier. The boat appears to be a passenger ferry, given its size and the presence of multiple decks. The decks are designed for passenger seating, with rows of benches and possibly some standing areas. The boat is docked at a pier, which is"
ship_0007.png,Can you comment on size and kind of this image, The image is blurry and cannot be described.
ship_0007.png,Create a interesting story about this image, A blurry picture of a boat on the water.
ship_0007.png,Elaborate the setting of the image," The image captures a scene of a boat docked at a pier. The boat, painted in a vibrant shade of turquoise, is the main focus of the image. It's docked on the right side of the pier, which is constructed from wood and painted in a contrasting shade of brown. The pier extends into the"
horse_0005.png,Can you describe this image?," The image depicts a single horse standing on a dirt ground. The horse appears to be a light brown color with a darker brown mane and tail. The horse is facing to the left side of the image, with its head turned slightly towards the camera. The horse's body is mostly upright, with its front legs slightly"
horse_0005.png,Explain the purpose of image," The image depicts a horse standing on a dirt ground. The horse is brown in color and has a white stripe on its forehead. The horse is facing the left side of the image, and its head is turned slightly towards the camera. The background of the image is a clear blue sky with some clouds. The horse appears"
horse_0005.png,Can you comment on size and kind of this image, The image is of a horse. The horse is brown in color. The horse is standing on the ground. The background of the image is a blue sky.
horse_0005.png,Create a interesting story about this image," In the heart of a verdant field, a majestic brown horse stands tall and proud. Its coat, a rich shade of chestnut, gleams under the clear blue sky. The horse's mane and tail, a lighter shade of brown, frame its face, adding to its regal appearance. The horse's"
horse_0005.png,Elaborate the setting of the image," The image features a brown horse standing on a dirt road. The horse is positioned in the center of the image, facing towards the right side. The background of the image shows a clear blue sky and some greenery, indicating that the horse is likely in a rural or open area."
truck_0001.png,Can you describe this image?," The image depicts a large truck, specifically a semi-truck, parked in what appears to be a parking lot or a similar outdoor area. The truck is predominantly white in color, with a noticeable orange stripe running along the side. The truck has a long, rectangular cab with a rounded front and a large windshield"
truck_0001.png,Explain the purpose of image," The image depicts a large truck, which is a type of heavy-duty vehicle used for transporting goods. The truck is white and has a yellow trailer attached to the back, which is a common practice for hauling large quantities of goods. The truck is parked in a parking lot, surrounded by trees, indicating that it"
truck_0001.png,Can you comment on size and kind of this image, The image is of a large truck. The truck is white and has a yellow trailer attached to it. The truck is parked in a parking lot.
truck_0001.png,Create a interesting story about this image, A large white truck with a yellow trailer is parked in a parking lot. The truck is facing the camera and appears to be empty.
truck_0001.png,Elaborate the setting of the image, The image depicts a large truck with a yellow trailer parked on the side of a road. The truck is white and has a large windshield. The trailer is also white and has a yellow stripe running along its side. The truck and trailer are parked on a road surrounded by trees.
cat_0004.png,Can you describe this image?," The image depicts a cat sitting on a wooden surface. The cat has a grayish-brown fur coat with darker stripes running along its back and tail. Its eyes are yellow, and it appears to be looking directly at the camera. The wooden surface on which the cat is sitting is light brown in color, and it"
cat_0004.png,Explain the purpose of image," The image depicts a cat sitting on a wooden surface. The cat has a gray and white fur pattern, with a white patch on its chest and a gray patch on its face. The cat's eyes are yellow, and it has a black nose. The wooden surface on which the cat is sitting appears to be a table"
cat_0004.png,Can you comment on size and kind of this image," The image is blurry, making it difficult to determine the size and kind of the object. However, it appears to be a photograph of a cat."
cat_0004.png,Create a interesting story about this image," In the heart of a cozy wooden room, a majestic gray cat with striking yellow eyes sat regally. The cat's fur, a mix of dark and light gray, shimmered under the soft light, giving it an air of regality. Its eyes, a striking yellow, seemed to hold a deep wisdom,"
cat_0004.png,Elaborate the setting of the image," The image features a cat sitting on a wooden surface. The cat has a gray and white fur coat, and its eyes are yellow. The wooden surface on which the cat is sitting appears to be a table or a similar piece of furniture."
bird_0015.png,Can you describe this image?," The image depicts a small bird standing on a surface. The bird appears to be a sparrow, characterized by its small size, brown plumage, and short beak. The bird is facing the right side of the image, and its body is oriented towards the left side of the image. The bird's legs are visible, and"
bird_0015.png,Explain the purpose of image," The image depicts a small bird standing on a surface. The bird appears to be a sparrow, characterized by its brown and white plumage. The bird's beak is short and pointed, typical of sparrows. The bird's legs are thin and black, and it has a small tail. The bird is standing on a surface"
bird_0015.png,Can you comment on size and kind of this image," The image is blurry, so it's difficult to determine the size and kind of the bird. However, it appears to be a small bird, possibly a sparrow or a finch, based on the shape of its body and the size of its wings."
bird_0015.png,Create a interesting story about this image, A small brown bird with a long tail and a short beak is standing on a rock.
bird_0015.png,Elaborate the setting of the image," The image captures a small bird standing on a rock. The bird is brown in color with a black beak and legs. The rock on which the bird stands is gray and appears to be wet, possibly indicating that it has rained recently. The background is blurred, but it seems to be a natural setting, possibly a"
automobile_0002.png,Can you describe this image?," The image depicts a red sports car parked on an orange carpeted floor. The car is facing towards the left side of the image, and it appears to be a convertible model, as indicated by the presence of a retractable hardtop roof. The car's body is sleek and aerodynamic, with a glossy finish that"
automobile_0002.png,Explain the purpose of image," The image depicts a red sports car parked on an orange carpet. The car is positioned in the center of the image, with its front facing towards the camera. The car's design is sleek and modern, with a low profile and a prominent grille. The wheels of the car are silver, and the tires appear to"
automobile_0002.png,Can you comment on size and kind of this image," The image is of a red car. The car is a convertible, as it has a roof that can be removed. The car is parked on a red carpet, which is likely at a car show or a similar event. The car is facing the camera, and the front of the car is visible. The car"
automobile_0002.png,Create a interesting story about this image, A red sports car is parked on a red carpet at an auto show.
automobile_0002.png,Elaborate the setting of the image," The image captures a vibrant scene at a car show. Dominating the foreground is a striking red convertible car, its sleek design and polished finish reflecting the ambient light. The car is parked on a carpeted floor, which adds a touch of elegance to the setting.

In the background, the showroom buzz"
frog_0029.png,Can you describe this image?," The image depicts a small, yellow and brown bird, possibly a sparrow, perched on a green surface. The bird appears to be in a relaxed state, with its body oriented towards the right side of the image. The bird's head is turned slightly to the left, and its beak is closed. The bird's feathers"
frog_0029.png,Explain the purpose of image, The image is a blurry photo of a frog.
frog_0029.png,Can you comment on size and kind of this image, The image is blurry and cannot be used to determine the size or kind of the object.
frog_0029.png,Create a interesting story about this image, A small yellow bird is sitting on a green grassy field.
frog_0029.png,Elaborate the setting of the image," The image depicts a small, yellow and brown frog sitting on a green surface. The frog appears to be in a relaxed position, with its body slightly curved and its legs folded underneath it. The green surface on which the frog is sitting could be grass or a similar type of vegetation. The frog's position and the surrounding"
cat_0030.png,Can you describe this image?," The image depicts a cat sitting on a wooden surface, which appears to be a table or a similar piece of furniture. The cat is positioned in the center of the image, facing towards the right side. The cat has a light brown coat with white patches on its chest and paws. Its ears are perked up,"
cat_0030.png,Explain the purpose of image," The purpose of the image is to showcase a cat sitting on a wooden surface, possibly a table or shelf, in a room with a white wall and a white door. The cat appears to be looking at the camera, and the image is taken from a low angle, making the cat appear larger and more prominent in the"
cat_0030.png,Can you comment on size and kind of this image," The image is blurry, making it difficult to determine the size and kind of the object. However, it appears to be a cat sitting on a surface. The cat has a light brown coat with white patches on its face and paws. The surface the cat is sitting on is not clearly visible, but it seems to be"
cat_0030.png,Create a interesting story about this image," In the heart of a cozy kitchen, a small, orange cat with white paws and a white chest was perched on a wooden counter. The cat, with its fur as vibrant as a sunset, was facing the camera, its eyes reflecting curiosity and playfulness. The counter, a warm beige, was adorned with a"
cat_0030.png,Elaborate the setting of the image," The image depicts a cat sitting on a wooden surface, possibly a table or a shelf. The cat appears to be looking towards the right side of the image, possibly at something or someone outside of the frame. The background is blurred, making it difficult to discern any specific details."
automobile_0006.png,Can you describe this image?," The image depicts a white car parked on a road. The car appears to be a sedan, characterized by its four doors and a compact design. The front of the car is visible, showing a grille, headlights, and a bumper. The headlights are rectangular and positioned symmetrically on either side"
automobile_0006.png,Explain the purpose of image," The image depicts a white car parked on a road. The car is positioned on the left side of the image, and it appears to be a four-door sedan. The car's front end is visible, showing the grille and headlights. The car's body is white, and it has a black b"
automobile_0006.png,Can you comment on size and kind of this image, The image is of a car. The car is white in color. The car is a four-door sedan. The car has four wheels. The car has a front windshield. The car has a front bumper. The car has a grille. The car has headlights. The car has a license
automobile_0006.png,Create a interesting story about this image, A white car is parked on the side of the road.
automobile_0006.png,Elaborate the setting of the image," The image depicts a white car parked on a road. The car is positioned on the left side of the road, and it appears to be a four-door sedan. The car's front end is visible, showing the headlights and the grille. The car's color is white, and it has a black"
dog_0027.png,Can you describe this image?," The image depicts a single dog standing on a grassy field. The dog appears to be a whippet, a breed known for its slender build, long legs, and pointed ears. The dog's coat is primarily white with patches of orange and black. The dog's body is elongated, with a long tail that is"
dog_0027.png,Explain the purpose of image," The image depicts a dog standing on a grassy field. The dog appears to be a greyhound, characterized by its slender build, long legs, and a long tail. The dog's coat is primarily white with patches of brown, which are typical of the greyhound breed. The dog is standing in a relaxed posture,"
dog_0027.png,Can you comment on size and kind of this image, The image is of a dog. The dog is standing on the grass. The dog is of medium size. The dog is a greyhound.
dog_0027.png,Create a interesting story about this image," In the heart of a verdant field, a sleek greyhound with a coat of white and orange stands majestically. Its body is elongated, a testament to its speed and agility. The greyhound's ears are perked up, alert and attentive, as if listening to the distant call of its prey."
dog_0027.png,Elaborate the setting of the image," The image features a dog standing on a grassy field. The dog appears to be a greyhound, characterized by its slender body, long legs, and a distinctive coat pattern. The dog is standing on all fours, with its head turned to the side, as if it is looking at something or someone. The background"
frog_0020.png,Can you describe this image?," The image depicts a single, adult frog sitting on a piece of wood. The frog appears to be in a natural setting, possibly a forest or a garden, as indicated by the presence of green foliage in the background. The frog is predominantly orange in color, with darker brown or black spots scattered across its body. Its"
frog_0020.png,Explain the purpose of image," The image depicts a frog sitting on a rock. The frog is orange in color and appears to be in a resting position. The rock on which the frog is sitting is brown and has a rough texture. The background of the image is blurred, but it appears to be a natural environment, possibly a forest or a garden"
frog_0020.png,Can you comment on size and kind of this image, The image is of a frog. The frog is orange in color.
frog_0020.png,Create a interesting story about this image, A small orange frog is sitting on a rock in the woods.
frog_0020.png,Elaborate the setting of the image," The image features a brown frog sitting on a rock. The frog is positioned in the center of the image, and it appears to be looking up. The rock on which the frog is sitting is located in a natural setting, possibly a forest or a park. The background of the image is blurred, but it appears to"
airplane_0017.png,Can you describe this image?," The image depicts a scene featuring an airplane. The airplane is positioned in the center of the image, and it appears to be a commercial jetliner. The body of the airplane is predominantly white, with a red and blue logo on the tail. The logo is circular and features a stylized bird, which is a common design"
airplane_0017.png,Explain the purpose of image," The image depicts a large airplane parked on a runway. The airplane is predominantly white with a red and blue logo on the tail. The logo appears to be a stylized representation of a bird, possibly a bird of prey, which is a common motif in aviation branding. The airplane is stationary, and there are no visible signs"
airplane_0017.png,Can you comment on size and kind of this image, The image is blurry and cannot be clearly described.
airplane_0017.png,Create a interesting story about this image, A blurry photo of a plane in the sky.
airplane_0017.png,Elaborate the setting of the image," The image captures a scene of a large airplane parked on a runway. The airplane, painted in white with a red and blue logo on its tail, is the central focus of the image. It's positioned on the right side of the frame, facing towards the left. The runway beneath it is a mix of concrete and"
airplane_0004.png,Can you describe this image?," The image depicts a small, vintage-style airplane. The airplane is primarily colored in shades of gray and white, with some black and red accents. The body of the airplane is elongated and streamlined, suggesting it is designed for speed and agility. 

The airplane features a single propeller at the front, which is black"
airplane_0004.png,Explain the purpose of image," The image depicts a model of a propeller-driven aircraft, likely a World War II-era fighter plane. The aircraft is characterized by its single-engine, with a prominent propeller at the front. The body of the plane is painted in a light color, possibly silver or gray, with black accents on the wings and"
airplane_0004.png,Can you comment on size and kind of this image, The image is a small airplane.
airplane_0004.png,Create a interesting story about this image, A small propeller plane with a red propeller on the front is flying in the sky.
airplane_0004.png,Elaborate the setting of the image," The image depicts a small, single-engine propeller airplane. The airplane is primarily white with black and red accents. The propeller, located at the front of the airplane, is black with a red center. The airplane has a single engine mounted on the top of the fuselage, and the cockpit is located at the front of"
deer_0005.png,Can you describe this image?," The image depicts a large, majestic elk standing in a grassy field. The elk is facing to the right side of the image, with its body oriented towards the left side of the frame. The elk's antlers are prominent and extend outwards, indicating that it is an adult male. The elk's fur is a mix"
deer_0005.png,Explain the purpose of image," The image depicts a large elk with a prominent set of antlers, walking in a grassy field. The elk is the main focus of the image, and its size and position in the frame suggest that it is the subject of the photograph. The elk's antlers are large and extend outward, indicating that it is an"
deer_0005.png,Can you comment on size and kind of this image, The image is of a large elk with large antlers.
deer_0005.png,Create a interesting story about this image," In the heart of a verdant field, a majestic elk, adorned with a coat of rich brown and a pair of impressive antlers, strides confidently. The elk's head is turned to the left, as if surveying its surroundings with keen interest. Its body, a blend of earthy tones, contrasts beautifully with the"
deer_0005.png,Elaborate the setting of the image," The image captures a majestic elk, its body adorned in a coat of dark brown, standing in a field of green grass. The elk's head is turned to the left, its antlers, a testament to its strength and age, reaching upwards. The background is a blur, suggesting the vastness of the field and"
dog_0021.png,Can you describe this image?," The image depicts a small, brown dog sitting on a surface. The dog appears to be a terrier breed, characterized by its short, stocky body and short legs. The dog's coat is a mix of brown and tan colors, with the tan areas being more prominent on its face, chest, and legs."
dog_0021.png,Explain the purpose of image," The image depicts a small dog sitting on a surface. The dog has a brown and white coat, with the white fur covering its chest and paws. The dog's eyes are looking upwards, and it appears to be sitting calmly. The surface on which the dog is sitting is not clearly visible, but it seems to be"
dog_0021.png,Can you comment on size and kind of this image, The image is of a small dog. The dog is brown and white in color. The dog is sitting on a surface. The dog is looking up.
dog_0021.png,Create a interesting story about this image," In the heart of a cozy living room, a small brown and white puppy sat on a blue carpet. The puppy, with its fur as brown as the coffee beans it was named after, gazed up at the camera with an innocent and curious expression. Its white chest and paws added a touch of purity to its appearance"
dog_0021.png,Elaborate the setting of the image," The image features a small brown dog sitting on a blue carpet. The dog appears to be looking up at the camera, possibly curious or alert. The carpet is located in a room with a white wall in the background."
